Experiment,Title,Scale,Beta,Seed,Epoch,Val_Acc,Depth_Ratio,GSI,,,,,,,,,
0,Initialization Scaling Study,0.5,0,42,1,0.888175679,4.668469122,0.92529377,,,,,Experiment No.,Scale,Beta,Seed,Average Accuracy
0,Initialization Scaling Study,0.5,0,42,2,0.893897499,5.890713026,0.93105326,,,,,0,0.5,0,42,89.49%
0,Initialization Scaling Study,0.5,0,42,3,0.895253208,4.614558832,0.896691543,,,,,1,0.5,0,123,89.28%
0,Initialization Scaling Study,0.5,0,42,4,0.894404258,4.914705337,0.946660738,,,,,2,0.5,0,999,88.69%
0,Initialization Scaling Study,0.5,0,42,5,0.89489776,5.509920953,0.909924309,,,,,3,0.5,0.05,42,91.06%
0,Initialization Scaling Study,0.5,0,42,6,0.901517156,5.380277482,0.91228753,,,,,4,0.5,0.05,123,90.21%
0,Initialization Scaling Study,0.5,0,42,7,0.887583192,5.938254583,0.916687075,,,,,5,0.5,0.05,999,89.84%
0,Initialization Scaling Study,0.5,0,42,8,0.904602873,4.904550653,0.933939488,,,,,6,0.5,0.1,42,93.00%
0,Initialization Scaling Study,0.5,0,42,9,0.890621936,5.443318011,0.854327426,,,,,7,0.5,0.1,123,92.27%
0,Initialization Scaling Study,0.5,0,42,10,0.897980638,5.695638019,0.853813312,,,,,8,0.5,0.1,999,91.91%
1,Initialization Scaling Study,0.5,0,123,1,0.891945726,5.288458229,0.887558828,,,,,9,0.5,0.2,42,92.23%
1,Initialization Scaling Study,0.5,0,123,2,0.907584677,5.752639229,0.874296065,,,,,10,0.5,0.2,123,91.27%
1,Initialization Scaling Study,0.5,0,123,3,0.873349895,6.111160381,0.89159709,,,,,11,0.5,0.2,999,90.87%
1,Initialization Scaling Study,0.5,0,123,4,0.907177328,5.266684721,0.918160314,,,,,12,1,0,42,93.04%
1,Initialization Scaling Study,0.5,0,123,5,0.906662557,5.175313409,0.843895936,,,,,13,1,0,123,92.45%
1,Initialization Scaling Study,0.5,0,123,6,0.880896942,4.464261352,0.91728825,,,,,14,1,0,999,91.99%
1,Initialization Scaling Study,0.5,0,123,7,0.909472984,4.318343887,0.857069159,,,,,15,1,0.05,42,93.98%
1,Initialization Scaling Study,0.5,0,123,8,0.879543362,5.98754688,0.915642246,,,,,16,1,0.05,123,93.44%
1,Initialization Scaling Study,0.5,0,123,9,0.874644747,6.156253571,0.858745616,,,,,17,1,0.05,999,93.05%
1,Initialization Scaling Study,0.5,0,123,10,0.896268961,5.659151397,0.922921339,,,,,18,1,0.1,42,95.50%
2,Initialization Scaling Study,0.5,0,999,1,0.893641763,4.934163765,0.865608916,,,,,19,1,0.1,123,95.71%
2,Initialization Scaling Study,0.5,0,999,2,0.897030868,5.148707428,0.925458751,,,,,20,1,0.1,999,94.73%
2,Initialization Scaling Study,0.5,0,999,3,0.885751304,4.911710761,0.893387395,,,,,21,1,0.2,42,94.53%
2,Initialization Scaling Study,0.5,0,999,4,0.886755263,5.992618485,0.922651271,,,,,22,1,0.2,123,94.05%
2,Initialization Scaling Study,0.5,0,999,5,0.888605403,4.315376258,0.874127587,,,,,23,1,0.2,999,93.50%
2,Initialization Scaling Study,0.5,0,999,6,0.893137373,4.600166029,0.857905579,,,,,24,2,0,42,87.92%
2,Initialization Scaling Study,0.5,0,999,7,0.877669792,5.349319452,0.910982387,,,,,25,2,0,123,87.14%
2,Initialization Scaling Study,0.5,0,999,8,0.87370292,4.687129622,0.851384349,,,,,26,2,0,999,87.18%
2,Initialization Scaling Study,0.5,0,999,9,0.885735294,4.251788338,0.916781386,,,,,27,2,0.05,42,91.98%
2,Initialization Scaling Study,0.5,0,999,10,0.887281576,5.172923461,0.853527231,,,,,28,2,0.05,123,90.71%
3,Initialization × Activation Interaction Study,0.5,0.05,42,1,0.917078793,6.237945238,0.887698058,,,,,29,2,0.05,999,90.40%
3,Initialization × Activation Interaction Study,0.5,0.05,42,2,0.903891821,6.626561326,0.934870022,,,,,30,2,0.1,42,93.18%
3,Initialization × Activation Interaction Study,0.5,0.05,42,3,0.909287077,7.686210631,0.950263829,,,,,31,2,0.1,123,92.20%
3,Initialization × Activation Interaction Study,0.5,0.05,42,4,0.902320103,7.484674117,0.912232977,,,,,32,2,0.1,999,91.96%
3,Initialization × Activation Interaction Study,0.5,0.05,42,5,0.91879623,6.072731029,0.957124986,,,,,33,2,0.2,42,91.31%
3,Initialization × Activation Interaction Study,0.5,0.05,42,6,0.907858554,7.966930005,0.953099984,,,,,34,2,0.2,123,90.63%
3,Initialization × Activation Interaction Study,0.5,0.05,42,7,0.910770833,7.989730332,0.942990466,,,,,35,2,0.2,999,89.81%
3,Initialization × Activation Interaction Study,0.5,0.05,42,8,0.906014085,7.954603927,0.883023974,,,,,,,,,
3,Initialization × Activation Interaction Study,0.5,0.05,42,9,0.912815928,7.393473005,0.939453487,,,,,,,,,
3,Initialization × Activation Interaction Study,0.5,0.05,42,10,0.917637664,7.852073226,0.957531235,,,,,,,,,
4,Initialization × Activation Interaction Study,0.5,0.05,123,1,0.905103991,6.298362983,0.900378526,,,,,,,,,
4,Initialization × Activation Interaction Study,0.5,0.05,123,2,0.890430629,7.336098326,0.930006105,,,,,,,,,
4,Initialization × Activation Interaction Study,0.5,0.05,123,3,0.904992376,6.997469148,0.947952233,,,,,,,,,
4,Initialization × Activation Interaction Study,0.5,0.05,123,4,0.902575479,6.626899273,0.906865187,,,,,,,,,
4,Initialization × Activation Interaction Study,0.5,0.05,123,5,0.906586073,6.951057513,0.961711389,,,,,,,,,
4,Initialization × Activation Interaction Study,0.5,0.05,123,6,0.906955399,6.024497918,0.911775104,,,,,,,,,
4,Initialization × Activation Interaction Study,0.5,0.05,123,7,0.893060774,7.536979909,0.883812323,,,,,,,,,
4,Initialization × Activation Interaction Study,0.5,0.05,123,8,0.913365805,5.956423604,0.956810897,,,,,,,,,
4,Initialization × Activation Interaction Study,0.5,0.05,123,9,0.900612538,7.347141215,0.888868606,,,,,,,,,
4,Initialization × Activation Interaction Study,0.5,0.05,123,10,0.89768576,6.996282909,0.92232158,,,,,,,,,
5,Initialization × Activation Interaction Study,0.5,0.05,999,1,0.901833761,6.346169473,0.94058472,,,,,,,,,
5,Initialization × Activation Interaction Study,0.5,0.05,999,2,0.898780346,7.487022532,0.893449757,,,,,,,,,
5,Initialization × Activation Interaction Study,0.5,0.05,999,3,0.890737011,5.812664481,0.902390442,,,,,,,,,
5,Initialization × Activation Interaction Study,0.5,0.05,999,4,0.896612002,6.392004329,0.874151115,,,,,,,,,
5,Initialization × Activation Interaction Study,0.5,0.05,999,5,0.905219329,5.883803228,0.893831849,,,,,,,,,
5,Initialization × Activation Interaction Study,0.5,0.05,999,6,0.895326324,5.924908006,0.905393575,,,,,,,,,
5,Initialization × Activation Interaction Study,0.5,0.05,999,7,0.902388876,7.026035868,0.953179578,,,,,,,,,
5,Initialization × Activation Interaction Study,0.5,0.05,999,8,0.902668252,6.628817703,0.907973871,,,,,,,,,
5,Initialization × Activation Interaction Study,0.5,0.05,999,9,0.8971323,6.316035523,0.956564063,,,,,,,,,
5,Initialization × Activation Interaction Study,0.5,0.05,999,10,0.893625423,7.292760868,0.868269735,,,,,,,,,
6,Initialization × Activation Interaction Study,0.5,0.1,42,1,0.927981009,10.85274989,0.952780946,,,,,,,,,
6,Initialization × Activation Interaction Study,0.5,0.1,42,2,0.924026053,8.971869407,0.986955984,,,,,,,,,
6,Initialization × Activation Interaction Study,0.5,0.1,42,3,0.92974168,10.82465813,1.009547709,,,,,,,,,
6,Initialization × Activation Interaction Study,0.5,0.1,42,4,0.923621281,10.19052168,0.931282831,,,,,,,,,
6,Initialization × Activation Interaction Study,0.5,0.1,42,5,0.920205932,10.19567326,0.955400846,,,,,,,,,
6,Initialization × Activation Interaction Study,0.5,0.1,42,6,0.933684378,9.713003325,0.971666245,,,,,,,,,
6,Initialization × Activation Interaction Study,0.5,0.1,42,7,0.931058531,8.645227991,0.971690717,,,,,,,,,
6,Initialization × Activation Interaction Study,0.5,0.1,42,8,0.936234341,8.722821294,0.978203096,,,,,,,,,
6,Initialization × Activation Interaction Study,0.5,0.1,42,9,0.937223756,8.788558573,0.95950776,,,,,,,,,
6,Initialization × Activation Interaction Study,0.5,0.1,42,10,0.936279978,10.71639948,0.990069274,,,,,,,,,
7,Initialization × Activation Interaction Study,0.5,0.1,123,1,0.913291222,9.281319597,0.974917336,,,,,,,,,
7,Initialization × Activation Interaction Study,0.5,0.1,123,2,0.923393065,9.342160816,0.929105095,,,,,,,,,
7,Initialization × Activation Interaction Study,0.5,0.1,123,3,0.934366936,8.605431483,0.907731552,,,,,,,,,
7,Initialization × Activation Interaction Study,0.5,0.1,123,4,0.923548619,9.717115029,0.955732379,,,,,,,,,
7,Initialization × Activation Interaction Study,0.5,0.1,123,5,0.931649021,9.733158126,0.936383177,,,,,,,,,
7,Initialization × Activation Interaction Study,0.5,0.1,123,6,0.912577947,10.63189508,0.985627071,,,,,,,,,
7,Initialization × Activation Interaction Study,0.5,0.1,123,7,0.929082706,9.587565698,0.962585501,,,,,,,,,
7,Initialization × Activation Interaction Study,0.5,0.1,123,8,0.911208288,8.621010082,0.991031423,,,,,,,,,
7,Initialization × Activation Interaction Study,0.5,0.1,123,9,0.919961182,10.45251991,0.969085616,,,,,,,,,
7,Initialization × Activation Interaction Study,0.5,0.1,123,10,0.928134596,8.912718184,0.902457095,,,,,,,,,
8,Initialization × Activation Interaction Study,0.5,0.1,999,1,0.911660332,9.242424573,0.880630659,,,,,,,,,
8,Initialization × Activation Interaction Study,0.5,0.1,999,2,0.925319546,8.404124692,0.980831109,,,,,,,,,
8,Initialization × Activation Interaction Study,0.5,0.1,999,3,0.910811216,9.39558322,0.999676956,,,,,,,,,
8,Initialization × Activation Interaction Study,0.5,0.1,999,4,0.924824992,9.516649818,0.926250339,,,,,,,,,
8,Initialization × Activation Interaction Study,0.5,0.1,999,5,0.925836401,10.38660207,0.967276389,,,,,,,,,
8,Initialization × Activation Interaction Study,0.5,0.1,999,6,0.922893369,8.908694641,0.889899761,,,,,,,,,
8,Initialization × Activation Interaction Study,0.5,0.1,999,7,0.91849226,8.709904387,0.935221941,,,,,,,,,
8,Initialization × Activation Interaction Study,0.5,0.1,999,8,0.927238482,10.06124184,0.970556462,,,,,,,,,
8,Initialization × Activation Interaction Study,0.5,0.1,999,9,0.911110268,8.631020602,0.976332795,,,,,,,,,
8,Initialization × Activation Interaction Study,0.5,0.1,999,10,0.912757647,8.945439133,0.981609012,,,,,,,,,
9,Initialization × Activation Interaction Study,0.5,0.2,42,1,0.92371727,9.186889497,0.928626068,,,,,,,,,
9,Initialization × Activation Interaction Study,0.5,0.2,42,2,0.914805827,7.519741455,0.914850561,,,,,,,,,
9,Initialization × Activation Interaction Study,0.5,0.2,42,3,0.911166488,8.421601796,0.964593725,,,,,,,,,
9,Initialization × Activation Interaction Study,0.5,0.2,42,4,0.927512263,9.192570932,0.871729679,,,,,,,,,
9,Initialization × Activation Interaction Study,0.5,0.2,42,5,0.92840915,9.302060822,0.889594239,,,,,,,,,
9,Initialization × Activation Interaction Study,0.5,0.2,42,6,0.92841962,7.389327971,0.945273946,,,,,,,,,
9,Initialization × Activation Interaction Study,0.5,0.2,42,7,0.929726978,8.728805928,0.908782458,,,,,,,,,
9,Initialization × Activation Interaction Study,0.5,0.2,42,8,0.910423412,9.347065724,0.870008168,,,,,,,,,
9,Initialization × Activation Interaction Study,0.5,0.2,42,9,0.928482768,9.197324197,0.906177011,,,,,,,,,
9,Initialization × Activation Interaction Study,0.5,0.2,42,10,0.92040129,8.106936472,0.912791114,,,,,,,,,
10,Initialization × Activation Interaction Study,0.5,0.2,123,1,0.902168846,7.130774308,0.925402778,,,,,,,,,
10,Initialization × Activation Interaction Study,0.5,0.2,123,2,0.905069784,7.174564909,0.8773683,,,,,,,,,
10,Initialization × Activation Interaction Study,0.5,0.2,123,3,0.916783959,8.196496867,0.880818018,,,,,,,,,
10,Initialization × Activation Interaction Study,0.5,0.2,123,4,0.928612784,7.917396794,0.876943549,,,,,,,,,
10,Initialization × Activation Interaction Study,0.5,0.2,123,5,0.919741654,7.118578258,0.916294198,,,,,,,,,
10,Initialization × Activation Interaction Study,0.5,0.2,123,6,0.905362624,7.266606795,0.913769713,,,,,,,,,
10,Initialization × Activation Interaction Study,0.5,0.2,123,7,0.918020919,7.809677176,0.882112853,,,,,,,,,
10,Initialization × Activation Interaction Study,0.5,0.2,123,8,0.920099783,8.621263797,0.899228556,,,,,,,,,
10,Initialization × Activation Interaction Study,0.5,0.2,123,9,0.903605991,8.972704755,0.868885574,,,,,,,,,
10,Initialization × Activation Interaction Study,0.5,0.2,123,10,0.907652135,7.274737958,0.86856998,,,,,,,,,
11,Initialization × Activation Interaction Study,0.5,0.2,999,1,0.908258852,6.621856604,0.859305887,,,,,,,,,
11,Initialization × Activation Interaction Study,0.5,0.2,999,2,0.917006098,6.56242216,0.880017674,,,,,,,,,
11,Initialization × Activation Interaction Study,0.5,0.2,999,3,0.901108967,7.20756881,0.896725039,,,,,,,,,
11,Initialization × Activation Interaction Study,0.5,0.2,999,4,0.903565041,6.999180746,0.948221536,,,,,,,,,
11,Initialization × Activation Interaction Study,0.5,0.2,999,5,0.919898772,8.724903674,0.915195183,,,,,,,,,
11,Initialization × Activation Interaction Study,0.5,0.2,999,6,0.905547183,7.172912389,0.938787048,,,,,,,,,
11,Initialization × Activation Interaction Study,0.5,0.2,999,7,0.917695981,8.029005015,0.880372183,,,,,,,,,
11,Initialization × Activation Interaction Study,0.5,0.2,999,8,0.904557377,7.517284831,0.915702193,,,,,,,,,
11,Initialization × Activation Interaction Study,0.5,0.2,999,9,0.900199111,6.798530451,0.918745074,,,,,,,,,
11,Initialization × Activation Interaction Study,0.5,0.2,999,10,0.90872549,8.918460103,0.898204452,,,,,,,,,
12,True Baseline Configuration,1,0,42,1,0.93620067,11.85160561,1.024835516,,,,,,,,,
12,True Baseline Configuration,1,0,42,2,0.928073427,11.26990294,1.074673721,,,,,,,,,
12,True Baseline Configuration,1,0,42,3,0.932923926,10.57827336,1.06690308,,,,,,,,,
12,True Baseline Configuration,1,0,42,4,0.921104553,10.61699711,0.969867467,,,,,,,,,
12,True Baseline Configuration,1,0,42,5,0.931521187,9.836972108,0.982594549,,,,,,,,,
12,True Baseline Configuration,1,0,42,6,0.930904675,10.60322806,1.069114961,,,,,,,,,
12,True Baseline Configuration,1,0,42,7,0.925038025,10.20000449,1.022913482,,,,,,,,,
12,True Baseline Configuration,1,0,42,8,0.929724374,10.38817346,0.962119906,,,,,,,,,
12,True Baseline Configuration,1,0,42,9,0.937403331,10.63441451,1.065459754,,,,,,,,,
12,True Baseline Configuration,1,0,42,10,0.930901813,11.07111479,0.967752701,,,,,,,,,
13,True Baseline Configuration,1,0,123,1,0.918630636,10.33180544,0.992125127,,,,,,,,,
13,True Baseline Configuration,1,0,123,2,0.929101966,10.9672382,0.98904585,,,,,,,,,
13,True Baseline Configuration,1,0,123,3,0.929298492,10.50619718,0.967917525,,,,,,,,,
13,True Baseline Configuration,1,0,123,4,0.913849979,10.81452996,1.016493068,,,,,,,,,
13,True Baseline Configuration,1,0,123,5,0.926467492,11.2633683,1.028989933,,,,,,,,,
13,True Baseline Configuration,1,0,123,6,0.918475417,9.182479712,1.001054755,,,,,,,,,
13,True Baseline Configuration,1,0,123,7,0.913294821,10.41176794,1.067866645,,,,,,,,,
13,True Baseline Configuration,1,0,123,8,0.935642455,11.79886885,1.031612721,,,,,,,,,
13,True Baseline Configuration,1,0,123,9,0.928960657,9.205369269,1.037924069,,,,,,,,,
13,True Baseline Configuration,1,0,123,10,0.93134925,9.312133793,1.010400971,,,,,,,,,
14,True Baseline Configuration,1,0,999,1,0.920047079,8.674474125,1.027151306,,,,,,,,,
14,True Baseline Configuration,1,0,999,2,0.917614466,9.302315224,1.003535012,,,,,,,,,
14,True Baseline Configuration,1,0,999,3,0.927210287,8.540258613,0.939715256,,,,,,,,,
14,True Baseline Configuration,1,0,999,4,0.910339762,9.911446336,0.937399145,,,,,,,,,
14,True Baseline Configuration,1,0,999,5,0.913737541,8.805919294,0.97674772,,,,,,,,,
14,True Baseline Configuration,1,0,999,6,0.923493078,8.686458714,0.994797637,,,,,,,,,
14,True Baseline Configuration,1,0,999,7,0.919963329,9.392082797,0.935394783,,,,,,,,,
14,True Baseline Configuration,1,0,999,8,0.924421493,9.079014554,1.037099989,,,,,,,,,
14,True Baseline Configuration,1,0,999,9,0.913752653,11.32966219,1.02672873,,,,,,,,,
14,True Baseline Configuration,1,0,999,10,0.928917149,11.24380442,0.94929786,,,,,,,,,
15,Activation Slope (Beta) Study,1,0.05,42,1,0.949115505,14.86208873,1.019954943,,,,,,,,,
15,Activation Slope (Beta) Study,1,0.05,42,2,0.930204744,12.50492685,1.130727318,,,,,,,,,
15,Activation Slope (Beta) Study,1,0.05,42,3,0.949084543,14.89158445,1.090694957,,,,,,,,,
15,Activation Slope (Beta) Study,1,0.05,42,4,0.93908395,12.67616458,1.01498242,,,,,,,,,
15,Activation Slope (Beta) Study,1,0.05,42,5,0.946659355,14.49769921,1.098496079,,,,,,,,,
15,Activation Slope (Beta) Study,1,0.05,42,6,0.932828667,13.89025763,1.059789467,,,,,,,,,
15,Activation Slope (Beta) Study,1,0.05,42,7,0.932173238,14.40712873,1.070828877,,,,,,,,,
15,Activation Slope (Beta) Study,1,0.05,42,8,0.941206027,14.46540434,1.006091507,,,,,,,,,
15,Activation Slope (Beta) Study,1,0.05,42,9,0.931178108,15.36578142,1.03474913,,,,,,,,,
15,Activation Slope (Beta) Study,1,0.05,42,10,0.946582783,12.89653644,1.083631778,,,,,,,,,
16,Activation Slope (Beta) Study,1,0.05,123,1,0.939113504,12.15272168,1.107579154,,,,,,,,,
16,Activation Slope (Beta) Study,1,0.05,123,2,0.921688878,14.84177001,1.07846278,,,,,,,,,
16,Activation Slope (Beta) Study,1,0.05,123,3,0.932897077,11.91821602,1.047377264,,,,,,,,,
16,Activation Slope (Beta) Study,1,0.05,123,4,0.938961868,13.11199055,1.110093355,,,,,,,,,
16,Activation Slope (Beta) Study,1,0.05,123,5,0.940146983,15.35764714,1.080845247,,,,,,,,,
16,Activation Slope (Beta) Study,1,0.05,123,6,0.923693322,14.15356528,1.014481592,,,,,,,,,
16,Activation Slope (Beta) Study,1,0.05,123,7,0.942897938,12.11855779,1.07414943,,,,,,,,,
16,Activation Slope (Beta) Study,1,0.05,123,8,0.945349859,13.83577196,1.074862643,,,,,,,,,
16,Activation Slope (Beta) Study,1,0.05,123,9,0.930116235,12.91980844,1.053490166,,,,,,,,,
16,Activation Slope (Beta) Study,1,0.05,123,10,0.928859284,13.29780713,1.115290525,,,,,,,,,
17,Activation Slope (Beta) Study,1,0.05,999,1,0.926591119,11.88944706,1.036902504,,,,,,,,,
17,Activation Slope (Beta) Study,1,0.05,999,2,0.937765529,11.36513318,1.08008938,,,,,,,,,
17,Activation Slope (Beta) Study,1,0.05,999,3,0.928878757,11.23911353,1.068792203,,,,,,,,,
17,Activation Slope (Beta) Study,1,0.05,999,4,0.928209711,13.3170664,1.099421715,,,,,,,,,
17,Activation Slope (Beta) Study,1,0.05,999,5,0.936847307,14.4515955,1.06099132,,,,,,,,,
17,Activation Slope (Beta) Study,1,0.05,999,6,0.92411354,14.2115469,1.040817658,,,,,,,,,
17,Activation Slope (Beta) Study,1,0.05,999,7,0.924433685,12.16739786,1.056537239,,,,,,,,,
17,Activation Slope (Beta) Study,1,0.05,999,8,0.934474766,13.81456915,1.092966939,,,,,,,,,
17,Activation Slope (Beta) Study,1,0.05,999,9,0.938795247,12.28978889,1.094325936,,,,,,,,,
17,Activation Slope (Beta) Study,1,0.05,999,10,0.924779746,13.35472618,1.002774892,,,,,,,,,
18,Activation Slope (Beta) Study,1,0.1,42,1,0.953984,20.66250742,1.198403263,,,,,,,,,
18,Activation Slope (Beta) Study,1,0.1,42,2,0.95794306,19.76252786,1.150113207,,,,,,,,,
18,Activation Slope (Beta) Study,1,0.1,42,3,0.956265574,19.81140007,1.056684189,,,,,,,,,
18,Activation Slope (Beta) Study,1,0.1,42,4,0.953930786,21.75023388,1.126801605,,,,,,,,,
18,Activation Slope (Beta) Study,1,0.1,42,5,0.95252743,18.06413269,1.137165032,,,,,,,,,
18,Activation Slope (Beta) Study,1,0.1,42,6,0.958371583,23.02402486,1.093734995,,,,,,,,,
18,Activation Slope (Beta) Study,1,0.1,42,7,0.956163821,22.66913601,1.050500311,,,,,,,,,
18,Activation Slope (Beta) Study,1,0.1,42,8,0.95269,19.96550267,1.0617577,,,,,,,,,
18,Activation Slope (Beta) Study,1,0.1,42,9,0.95321,20.44832846,1.160391818,,,,,,,,,
18,Activation Slope (Beta) Study,1,0.1,42,10,0.95483,22.13128716,1.103741344,,,,,,,,,
19,Activation Slope (Beta) Study,1,0.1,123,1,0.9572323,20.02355318,1.110093127,,,,,,,,,
19,Activation Slope (Beta) Study,1,0.1,123,2,0.952767105,22.487018,1.060773997,,,,,,,,,
19,Activation Slope (Beta) Study,1,0.1,123,3,0.958798911,19.86129999,1.053791834,,,,,,,,,
19,Activation Slope (Beta) Study,1,0.1,123,4,0.958939292,20.49449477,1.163328541,,,,,,,,,
19,Activation Slope (Beta) Study,1,0.1,123,5,0.954408331,24.08846489,1.069668892,,,,,,,,,
19,Activation Slope (Beta) Study,1,0.1,123,6,0.959916,24.14701514,1.149751434,,,,,,,,,
19,Activation Slope (Beta) Study,1,0.1,123,7,0.9523978,22.00656822,1.124563859,,,,,,,,,
19,Activation Slope (Beta) Study,1,0.1,123,8,0.95879,22.53730644,1.066233237,,,,,,,,,
19,Activation Slope (Beta) Study,1,0.1,123,9,0.95793,20.55209988,1.193464455,,,,,,,,,
19,Activation Slope (Beta) Study,1,0.1,123,10,0.9598432,21.22057685,1.108810114,,,,,,,,,
20,Activation Slope (Beta) Study,1,0.1,999,1,0.953646652,22.42486811,1.119986006,,,,,,,,,
20,Activation Slope (Beta) Study,1,0.1,999,2,0.950769273,18.22121509,1.148357926,,,,,,,,,
20,Activation Slope (Beta) Study,1,0.1,999,3,0.955566269,21.86328045,1.057342714,,,,,,,,,
20,Activation Slope (Beta) Study,1,0.1,999,4,0.944845555,20.35850339,1.117250375,,,,,,,,,
20,Activation Slope (Beta) Study,1,0.1,999,5,0.94360419,22.22472493,1.054101078,,,,,,,,,
20,Activation Slope (Beta) Study,1,0.1,999,6,0.945850159,22.94743902,1.064911889,,,,,,,,,
20,Activation Slope (Beta) Study,1,0.1,999,7,0.947226498,22.05961032,1.113720536,,,,,,,,,
20,Activation Slope (Beta) Study,1,0.1,999,8,0.94892054,22.04858014,1.174971304,,,,,,,,,
20,Activation Slope (Beta) Study,1,0.1,999,9,0.940082169,23.82357276,1.124601999,,,,,,,,,
20,Activation Slope (Beta) Study,1,0.1,999,10,0.942373432,17.55640826,1.061135021,,,,,,,,,
21,Activation Slope (Beta) Study,1,0.2,42,1,0.947825348,17.50108275,0.993419128,,,,,,,,,
21,Activation Slope (Beta) Study,1,0.2,42,2,0.941254216,16.5076695,1.066533066,,,,,,,,,
21,Activation Slope (Beta) Study,1,0.2,42,3,0.940959564,18.63025711,1.079967772,,,,,,,,,
21,Activation Slope (Beta) Study,1,0.2,42,4,0.948231099,16.5115278,1.072255327,,,,,,,,,
21,Activation Slope (Beta) Study,1,0.2,42,5,0.944214739,18.14877488,0.986847229,,,,,,,,,
21,Activation Slope (Beta) Study,1,0.2,42,6,0.945959024,15.00097853,0.991737832,,,,,,,,,
21,Activation Slope (Beta) Study,1,0.2,42,7,0.941280882,16.43055931,1.086276346,,,,,,,,,
21,Activation Slope (Beta) Study,1,0.2,42,8,0.946914155,18.20206884,0.982564759,,,,,,,,,
21,Activation Slope (Beta) Study,1,0.2,42,9,0.948084634,14.03375215,1.078483221,,,,,,,,,
21,Activation Slope (Beta) Study,1,0.2,42,10,0.948192145,15.37021204,1.049676289,,,,,,,,,
22,Activation Slope (Beta) Study,1,0.2,123,1,0.936798004,18.15151167,1.069720138,,,,,,,,,
22,Activation Slope (Beta) Study,1,0.2,123,2,0.934374867,16.15520008,1.022297038,,,,,,,,,
22,Activation Slope (Beta) Study,1,0.2,123,3,0.944564918,15.90519934,1.050432781,,,,,,,,,
22,Activation Slope (Beta) Study,1,0.2,123,4,0.944632985,18.14854446,0.993745649,,,,,,,,,
22,Activation Slope (Beta) Study,1,0.2,123,5,0.945532871,15.1867056,1.065868323,,,,,,,,,
22,Activation Slope (Beta) Study,1,0.2,123,6,0.939238698,14.26999365,1.051943343,,,,,,,,,
22,Activation Slope (Beta) Study,1,0.2,123,7,0.932037106,16.91902001,1.023471956,,,,,,,,,
22,Activation Slope (Beta) Study,1,0.2,123,8,0.947223557,16.76016519,0.991116549,,,,,,,,,
22,Activation Slope (Beta) Study,1,0.2,123,9,0.945922589,17.86403347,1.020675538,,,,,,,,,
22,Activation Slope (Beta) Study,1,0.2,123,10,0.934346403,13.62130978,1.057578755,,,,,,,,,
23,Activation Slope (Beta) Study,1,0.2,999,1,0.932810367,14.66194918,0.997286572,,,,,,,,,
23,Activation Slope (Beta) Study,1,0.2,999,2,0.939826504,17.56801141,0.988109246,,,,,,,,,
23,Activation Slope (Beta) Study,1,0.2,999,3,0.938352781,15.08504518,0.987869153,,,,,,,,,
23,Activation Slope (Beta) Study,1,0.2,999,4,0.930384932,16.74486622,1.074455285,,,,,,,,,
23,Activation Slope (Beta) Study,1,0.2,999,5,0.936048334,17.41175204,1.041051455,,,,,,,,,
23,Activation Slope (Beta) Study,1,0.2,999,6,0.932365894,17.53231292,0.952040154,,,,,,,,,
23,Activation Slope (Beta) Study,1,0.2,999,7,0.934632771,14.55516089,0.998756191,,,,,,,,,
23,Activation Slope (Beta) Study,1,0.2,999,8,0.938919684,15.4740151,0.990530584,,,,,,,,,
23,Activation Slope (Beta) Study,1,0.2,999,9,0.930529912,14.99989014,0.95824898,,,,,,,,,
23,Activation Slope (Beta) Study,1,0.2,999,10,0.936571864,16.76406568,0.988262253,,,,,,,,,
24,Initialization Scaling Study,2,0,42,1,0.867105314,3.158520555,0.815587476,,,,,,,,,
24,Initialization Scaling Study,2,0,42,2,0.86996882,2.879113037,0.860078088,,,,,,,,,
24,Initialization Scaling Study,2,0,42,3,0.882615994,3.447779575,0.818809412,,,,,,,,,
24,Initialization Scaling Study,2,0,42,4,0.896376262,4.279348908,0.757659521,,,,,,,,,
24,Initialization Scaling Study,2,0,42,5,0.881324888,3.506226096,0.804638945,,,,,,,,,
24,Initialization Scaling Study,2,0,42,6,0.892639371,2.823736589,0.891856548,,,,,,,,,
24,Initialization Scaling Study,2,0,42,7,0.889228822,4.401574761,0.87430357,,,,,,,,,
24,Initialization Scaling Study,2,0,42,8,0.875450302,3.792901595,0.795452232,,,,,,,,,
24,Initialization Scaling Study,2,0,42,9,0.865668297,3.319257405,0.816692029,,,,,,,,,
24,Initialization Scaling Study,2,0,42,10,0.871906855,3.421434015,0.793561815,,,,,,,,,
25,Initialization Scaling Study,2,0,123,1,0.866391413,4.200268394,0.837728651,,,,,,,,,
25,Initialization Scaling Study,2,0,123,2,0.86724073,4.199775571,0.833128191,,,,,,,,,
25,Initialization Scaling Study,2,0,123,3,0.888686904,3.404931009,0.817092836,,,,,,,,,
25,Initialization Scaling Study,2,0,123,4,0.870327464,2.78223662,0.770918786,,,,,,,,,
25,Initialization Scaling Study,2,0,123,5,0.872368658,2.420457233,0.866668467,,,,,,,,,
25,Initialization Scaling Study,2,0,123,6,0.886855359,2.470852881,0.754062393,,,,,,,,,
25,Initialization Scaling Study,2,0,123,7,0.861092665,4.092711711,0.767962031,,,,,,,,,
25,Initialization Scaling Study,2,0,123,8,0.867385486,3.875236485,0.752867452,,,,,,,,,
25,Initialization Scaling Study,2,0,123,9,0.868611425,3.939423371,0.823328902,,,,,,,,,
25,Initialization Scaling Study,2,0,123,10,0.864845514,3.21253526,0.763036738,,,,,,,,,
26,Initialization Scaling Study,2,0,999,1,0.865832587,2.442722952,0.755173918,,,,,,,,,
26,Initialization Scaling Study,2,0,999,2,0.868454916,3.627034641,0.854709998,,,,,,,,,
26,Initialization Scaling Study,2,0,999,3,0.878185234,2.208077524,0.833381923,,,,,,,,,
26,Initialization Scaling Study,2,0,999,4,0.868563357,2.071267628,0.756543759,,,,,,,,,
26,Initialization Scaling Study,2,0,999,5,0.865957199,3.661174223,0.827318879,,,,,,,,,
26,Initialization Scaling Study,2,0,999,6,0.865209441,2.136820539,0.750702829,,,,,,,,,
26,Initialization Scaling Study,2,0,999,7,0.877113111,2.178852183,0.779592533,,,,,,,,,
26,Initialization Scaling Study,2,0,999,8,0.87048723,2.732817249,0.780035134,,,,,,,,,
26,Initialization Scaling Study,2,0,999,9,0.878092316,3.474116925,0.739549903,,,,,,,,,
26,Initialization Scaling Study,2,0,999,10,0.880117858,3.715651466,0.859247328,,,,,,,,,
27,Initialization × Activation Interaction Study,2,0.05,42,1,0.907017797,6.016704938,0.958423806,,,,,,,,,
27,Initialization × Activation Interaction Study,2,0.05,42,2,0.925770636,8.544772217,0.923744932,,,,,,,,,
27,Initialization × Activation Interaction Study,2,0.05,42,3,0.926459687,8.164283657,0.965660646,,,,,,,,,
27,Initialization × Activation Interaction Study,2,0.05,42,4,0.927828813,7.430497139,0.954175164,,,,,,,,,
27,Initialization × Activation Interaction Study,2,0.05,42,5,0.914533944,8.537409435,0.953994865,,,,,,,,,
27,Initialization × Activation Interaction Study,2,0.05,42,6,0.928567776,8.992785961,0.885581725,,,,,,,,,
27,Initialization × Activation Interaction Study,2,0.05,42,7,0.91676839,8.954548101,0.970996288,,,,,,,,,
27,Initialization × Activation Interaction Study,2,0.05,42,8,0.913422623,7.300573494,0.904474797,,,,,,,,,
27,Initialization × Activation Interaction Study,2,0.05,42,9,0.919506636,8.311901115,0.915953201,,,,,,,,,
27,Initialization × Activation Interaction Study,2,0.05,42,10,0.918249383,6.189207148,0.865160287,,,,,,,,,
28,Initialization × Activation Interaction Study,2,0.05,123,1,0.906399348,7.916891921,0.929231694,,,,,,,,,
28,Initialization × Activation Interaction Study,2,0.05,123,2,0.896611501,8.091317582,0.88301897,,,,,,,,,
28,Initialization × Activation Interaction Study,2,0.05,123,3,0.914247379,7.070794028,0.900238475,,,,,,,,,
28,Initialization × Activation Interaction Study,2,0.05,123,4,0.910421461,7.548997949,0.909722305,,,,,,,,,
28,Initialization × Activation Interaction Study,2,0.05,123,5,0.91788284,7.951203099,0.867022658,,,,,,,,,
28,Initialization × Activation Interaction Study,2,0.05,123,6,0.911665374,7.543728399,0.911002811,,,,,,,,,
28,Initialization × Activation Interaction Study,2,0.05,123,7,0.904252955,7.106964109,0.912998751,,,,,,,,,
28,Initialization × Activation Interaction Study,2,0.05,123,8,0.900223847,8.329437424,0.855972639,,,,,,,,,
28,Initialization × Activation Interaction Study,2,0.05,123,9,0.90328217,7.853162763,0.843207402,,,,,,,,,
28,Initialization × Activation Interaction Study,2,0.05,123,10,0.90570115,5.974116548,0.941407437,,,,,,,,,
29,Initialization × Activation Interaction Study,2,0.05,999,1,0.895841229,7.517320016,0.901439949,,,,,,,,,
29,Initialization × Activation Interaction Study,2,0.05,999,2,0.919030148,5.958934766,0.907787937,,,,,,,,,
29,Initialization × Activation Interaction Study,2,0.05,999,3,0.899528302,5.505374558,0.940611299,,,,,,,,,
29,Initialization × Activation Interaction Study,2,0.05,999,4,0.901050138,6.993418567,0.921142225,,,,,,,,,
29,Initialization × Activation Interaction Study,2,0.05,999,5,0.898743932,5.596423209,0.929436632,,,,,,,,,
29,Initialization × Activation Interaction Study,2,0.05,999,6,0.897702958,6.150732606,0.891453416,,,,,,,,,
29,Initialization × Activation Interaction Study,2,0.05,999,7,0.916686545,6.962717393,0.94724553,,,,,,,,,
29,Initialization × Activation Interaction Study,2,0.05,999,8,0.916334053,6.779856864,0.853322699,,,,,,,,,
29,Initialization × Activation Interaction Study,2,0.05,999,9,0.892514581,6.832480931,0.947776478,,,,,,,,,
29,Initialization × Activation Interaction Study,2,0.05,999,10,0.902838326,7.809874566,0.924254201,,,,,,,,,
30,Initialization × Activation Interaction Study,2,0.1,42,1,0.931923251,11.9324456,0.9240539,,,,,,,,,
30,Initialization × Activation Interaction Study,2,0.1,42,2,0.928251815,11.79235254,1.015734088,,,,,,,,,
30,Initialization × Activation Interaction Study,2,0.1,42,3,0.93275105,11.69836971,1.01718141,,,,,,,,,
30,Initialization × Activation Interaction Study,2,0.1,42,4,0.934587329,10.09275134,1.020830589,,,,,,,,,
30,Initialization × Activation Interaction Study,2,0.1,42,5,0.937894437,11.67619226,0.967569242,,,,,,,,,
30,Initialization × Activation Interaction Study,2,0.1,42,6,0.929219884,10.76550572,0.92277973,,,,,,,,,
30,Initialization × Activation Interaction Study,2,0.1,42,7,0.935323117,12.62653784,1.008110317,,,,,,,,,
30,Initialization × Activation Interaction Study,2,0.1,42,8,0.921827419,13.0207023,1.015001487,,,,,,,,,
30,Initialization × Activation Interaction Study,2,0.1,42,9,0.935794599,11.6104038,0.922888925,,,,,,,,,
30,Initialization × Activation Interaction Study,2,0.1,42,10,0.930582536,13.51139887,0.946922647,,,,,,,,,
31,Initialization × Activation Interaction Study,2,0.1,123,1,0.914082357,12.24441445,0.964247917,,,,,,,,,
31,Initialization × Activation Interaction Study,2,0.1,123,2,0.910695927,10.39050524,0.970514014,,,,,,,,,
31,Initialization × Activation Interaction Study,2,0.1,123,3,0.939731309,10.13081204,0.9386032,,,,,,,,,
31,Initialization × Activation Interaction Study,2,0.1,123,4,0.914484562,10.40682208,0.9101897,,,,,,,,,
31,Initialization × Activation Interaction Study,2,0.1,123,5,0.917340647,10.05350165,1.01064888,,,,,,,,,
31,Initialization × Activation Interaction Study,2,0.1,123,6,0.910524473,12.69973281,0.955292075,,,,,,,,,
31,Initialization × Activation Interaction Study,2,0.1,123,7,0.920463432,11.51124351,0.988093031,,,,,,,,,
31,Initialization × Activation Interaction Study,2,0.1,123,8,0.935589246,11.09562913,0.945632006,,,,,,,,,
31,Initialization × Activation Interaction Study,2,0.1,123,9,0.927010041,9.846314146,0.966598688,,,,,,,,,
31,Initialization × Activation Interaction Study,2,0.1,123,10,0.930539341,12.07628777,0.996755292,,,,,,,,,
32,Initialization × Activation Interaction Study,2,0.1,999,1,0.917480114,10.51109294,0.936022545,,,,,,,,,
32,Initialization × Activation Interaction Study,2,0.1,999,2,0.927364192,11.38365234,0.917475489,,,,,,,,,
32,Initialization × Activation Interaction Study,2,0.1,999,3,0.929364772,11.47686266,0.973924123,,,,,,,,,
32,Initialization × Activation Interaction Study,2,0.1,999,4,0.912723253,11.08276827,0.915406954,,,,,,,,,
32,Initialization × Activation Interaction Study,2,0.1,999,5,0.9162461,9.066122119,0.963670067,,,,,,,,,
32,Initialization × Activation Interaction Study,2,0.1,999,6,0.91780021,10.29039192,0.979046421,,,,,,,,,
32,Initialization × Activation Interaction Study,2,0.1,999,7,0.911404728,11.67336935,0.944891952,,,,,,,,,
32,Initialization × Activation Interaction Study,2,0.1,999,8,0.925154445,9.542584686,0.980246762,,,,,,,,,
32,Initialization × Activation Interaction Study,2,0.1,999,9,0.919811302,8.992068887,0.952973121,,,,,,,,,
32,Initialization × Activation Interaction Study,2,0.1,999,10,0.918684479,11.5443973,1.004464098,,,,,,,,,
33,Initialization × Activation Interaction Study,2,0.2,42,1,0.9122056,7.509217018,0.989001286,,,,,,,,,
33,Initialization × Activation Interaction Study,2,0.2,42,2,0.903303081,7.23071223,0.977514836,,,,,,,,,
33,Initialization × Activation Interaction Study,2,0.2,42,3,0.908480375,9.434590498,0.942116065,,,,,,,,,
33,Initialization × Activation Interaction Study,2,0.2,42,4,0.911686387,8.974335048,0.950715457,,,,,,,,,
33,Initialization × Activation Interaction Study,2,0.2,42,5,0.912383661,6.089241735,0.962580849,,,,,,,,,
33,Initialization × Activation Interaction Study,2,0.2,42,6,0.910362704,6.84969844,0.93795038,,,,,,,,,
33,Initialization × Activation Interaction Study,2,0.2,42,7,0.918480234,6.443342581,0.911387414,,,,,,,,,
33,Initialization × Activation Interaction Study,2,0.2,42,8,0.919935056,6.396405951,0.908046555,,,,,,,,,
33,Initialization × Activation Interaction Study,2,0.2,42,9,0.915384732,6.585401056,0.980056862,,,,,,,,,
33,Initialization × Activation Interaction Study,2,0.2,42,10,0.918949238,9.914590821,0.930365446,,,,,,,,,
34,Initialization × Activation Interaction Study,2,0.2,123,1,0.911173498,6.873618541,0.974620424,,,,,,,,,
34,Initialization × Activation Interaction Study,2,0.2,123,2,0.891833424,5.547645234,0.892310948,,,,,,,,,
34,Initialization × Activation Interaction Study,2,0.2,123,3,0.907492671,6.711760967,0.934543252,,,,,,,,,
34,Initialization × Activation Interaction Study,2,0.2,123,4,0.915646634,8.102908185,0.884402463,,,,,,,,,
34,Initialization × Activation Interaction Study,2,0.2,123,5,0.90316442,9.336086027,0.878084907,,,,,,,,,
34,Initialization × Activation Interaction Study,2,0.2,123,6,0.915412774,8.32418196,0.945830036,,,,,,,,,
34,Initialization × Activation Interaction Study,2,0.2,123,7,0.917473674,8.869962618,0.968256552,,,,,,,,,
34,Initialization × Activation Interaction Study,2,0.2,123,8,0.911472506,8.691211178,0.949819114,,,,,,,,,
34,Initialization × Activation Interaction Study,2,0.2,123,9,0.894927329,7.306059859,0.882672323,,,,,,,,,
34,Initialization × Activation Interaction Study,2,0.2,123,10,0.894081116,9.353625167,0.963138971,,,,,,,,,
35,Initialization × Activation Interaction Study,2,0.2,999,1,0.896241553,8.351452622,0.876403545,,,,,,,,,
35,Initialization × Activation Interaction Study,2,0.2,999,2,0.897011459,6.384442631,0.969764357,,,,,,,,,
35,Initialization × Activation Interaction Study,2,0.2,999,3,0.896741598,7.69034146,0.957267314,,,,,,,,,
35,Initialization × Activation Interaction Study,2,0.2,999,4,0.893390446,7.553630508,0.948120476,,,,,,,,,
35,Initialization × Activation Interaction Study,2,0.2,999,5,0.894019818,5.902804745,0.861875598,,,,,,,,,
35,Initialization × Activation Interaction Study,2,0.2,999,6,0.905668773,6.48370929,0.869880254,,,,,,,,,
35,Initialization × Activation Interaction Study,2,0.2,999,7,0.893462398,5.286735232,0.906494494,,,,,,,,,
35,Initialization × Activation Interaction Study,2,0.2,999,8,0.901912672,6.40755923,0.91253032,,,,,,,,,
35,Initialization × Activation Interaction Study,2,0.2,999,9,0.908391833,6.347475144,0.886352742,,,,,,,,,
35,Initialization × Activation Interaction Study,2,0.2,999,10,0.894169757,5.052949536,0.909287403,,,,,,,,,
